NOME DOS LIVROS,NOME DO AUTOR,QUANTIDADE DESSE LIVRO
Pitágoras e seu teorema em 90 minutos,Strathern,1
A impresa e os caos na ortografia,Marcos de Castro,1
Vivendo a matemática brincando com números ,Luiz Márcio Imenes,1
Filosofia da Ciência e aspectos Sociais e possibilidades pedagogicas,Carla Viana Cascareis,1
A psicanálise escuta a educação,Eliane Marta Teixeira Lopes,2
Tecnologia docência concepções técnicas,Luciana de Lima/Robson Carlos Loureiro,1
O texto e a comunicação dos sentidos,Villaça Koch,1
Poluentes Atmosféricas,Maria Elisa Marcondes Helene,1
A educação escolar e as tecnologias da informática,Luiz Carlos Pais,1
Projeto Politico- pedagogico da escola: uma construção possivel,Itma Passos,2
Desvio de Rota como será o homem do futuro?,Wladmir Ballesteros,1
Da cultura do corpo,Jacimar Daolio,1
Asilo de mencidade Memória Histórica,Osmar Diogenes,1
"Gestão de Marketing  do Varejo conceitos, orientações e práticas",Claúdia Buhamra Romero,1
Fonoaudiologia Geral,Antônio Amorim,1
O genoma humano,Charles Auffray,1
Sequenciram o genoma hmano... e agora?,Lygia da Veiga Ferreira,1
Um retrato das unidades de internação de adolescentes em conflito com a lei,Direitos Humanos,1
Metodologia do Ensino da Matemática,Dione Lucchesi de Carvalho,1
Aprendizagem na área das tecnologias digitais,José Armado Valente,1
Formação de professores para a educação básica 10 anos da LDB,João Valdimir Alves de Souza,2
Guia da Franqueado,Paulo César Mauro,1
A última tragada,Also Lopes de Souza,1
Práticas de Física,Eloisa Maia Vidal,1
Espaía Brasa o bloco que foi escola,Sérgio Pires,1
Educação e complexidade; os sete saberes e outros ensaios,Edgar Morin,1
Territórios educativos na educação do campo,Maria Isabel Antunes,1
Plano Nacional de educação,Nelson Marcheza,1
Metodologia para a avaliação de materiais de ensino ,Ministerio da educação e cultura.,1
Leitura e trabalho pedagogico ,Elcimar Simão,3
Extensão Universitária em canal em dupla mão ,UFC,1
Plano de educação básica,SEDUC,1
Avalição escolar ,Professora Maria Estrela Araujo Fernandes,3
O desafios nas escolas,Maria Tereza Eftér Mantoan ,1
A gestão educacional uma nova visão,Sônia Simões Colombo,1
Aprender e ensinar com textos,Helena Brandão,3
Curriculos de matemática: O da organização Linear a Ideias de Rede,Celia Maria Carokuba Pires,1
Física moderna experimental,Mariza Almeida Cavalcante,2
Matematíca na escola: aqui e agora,Delia Lerner de Zunino,1
Práticas pedagogicas reflexicas em esportes educacional,Adriano José Junior,1
Automação Eletropneumática,Nelso Gauze Bonacorso,1
História de um Número, Elimaor,1
Avaliação do processo ensino- aprendizagem,Regina Cazaux Haydt,6
"Álgebra: das variáveis, das equações e funções",Eliane Reame de Souza,1
Resolução de problemas na matemática escolar,Stephen Krulink,1
Aprender economia,Paul Singer,1
Elementos da matemática elementar,Selson Lezzi,1
Reinventam a Aritmética ,Gelson Lezzi,1
Diálogos na educação de Jovens e adultos,Leônio Soares,1
A evolução da Física ,Alberti Einstein,2
Educação Escolar e as tecnologias da informática,Luiz Carlos Pais,1
Segurança e Medicina do trabalho,Atlas,5
Explicando a Origem do Sistema Solar ,Ronal do Rojperio de Freitas Mourão,1
Metodologia do ensino de língua portuguesa ,Maria Lúcia  de Castro Gomes,1
O desafio Amazônico ,Samuel Murgel Branco,1
Metáforas  e modelos Científicos,Héctor A. Palma ,1
A termodinamica e invenção da smáquinas térmicas,Serçio Quadros,1
A universidade Possível,Paulo Elpídio de Menezes,1
Abrindo Trilhas para saberes,Francisco Kennedy Silva dos Santos,1
Ozônio: Aliado e inimigo,Vera Lúcia Duarte de Novais,1
A trilha Hélice ,Richard Lewondin,1
Os parceiros do rio bonito,Antonio Candido,1
O azul do Planeta ,Mário Telentino,1
 Fornação de professores,Antonia de Abrey Sousa UFC,1
Música Popular,José Romas ,1
Revista Mal-estar e subjetividade,UFC,1
Metodologia de ensino de educação física,Lima Caslellani Filho,5
Os 10 mais belos experimentos cienficicos ,Roberto Pessoa Crease,1
Malungos na escola: Questões sobre culturas afrodescendentes e educação,Edimilson de Almeida Pereira,1
Transformadores teoria de ensino,José Carlos de Oliveira ,1
A Necessária Renovação do Ensino das Ciencias,António. Cachapuz,1
Dez Novas Competências para Ensinar," Philippe Perrenoud
",1
História da educação e da pedagogia," Maria Lucia De Arruda Aranha
",1
Ensinar Historia,Maria Auxiliadora Schmidt,1
Metodologia do Ensino História e Geografia,Heloisa Duplas Penteado,1
Arquitetura e montagem de computadores,SENAI,10
Ferramentas de Internet,SENAI,56
Universo de química ,"Bruanchi, Albrecht, Daltamir",1
Química- Esino Médio,"Eduardo Freury, Andréia Hortanauhado",2
Todos pela educação no município , Julita Nogueira e Claudius,1
Handbook Formwork Scaffolding Engineeving,PERI,1
Minha Terra ,Fundação Telefonica ,1
Apostila- Aprenda Informática com quem faz diferença, Web Cyber informática,1
Spaece Boletim do Sistema de Avaliação ,SEDUC,1
Química Coleção Explorando o Ensino ,Ministerio da Educação e Secretária de Educação Básica ,1
Química na Abordagem do cotidiano- tino e cato,Francisca Miranda ,1
Protagonismo Juvenil,Antonio Carlos Gomes da Costa,3
Melhores poemas,Paulo Leminski,166
Adolfo caminha ,Cladia Albuquerque,1
O cortiço,- Aluísio Azevedo,5
O Ateneu ,Raul Pompeia,3
A bagaceira,José Américo de Almeida,3
O seminarista - Bernardo Guimarães,Bernardo Guimarães,2
 Triste fim de Policarpo Quaresma,Lima Barreto,4
Escrava Isaura,Bernado Guimarães,4
O Mulato ,Aluísio Azevedo,1
 A normalista  ,- Adolfo Caminha,4
 Fogo Morto ,José Lins do Rego,1
 A divina Comédia: Paraíso,Dante Alighieri,3
A divina Comédia: Purgatório,Dante Alighieri,3
A divina Comédia: Inferno,Dante Alighieri,1
A moreninha ,Joaquim Manuel de Acedo,6
 O moço Loiro,Joaquim Manuel de Macedo,1
Processamento de Petróleo,Nilo índio,5
Fundamentos do Refino de Petróleo,Alexandte Salem szklo,6
Logística para a Indústria do Petróleo,Vitorio Donato,5
Impactos ambientais,J. B. Mariano,5
Petróleo ,Oton Luiz Silva Corrêpa,5
Introdução a Química do Petróleo,Robson Fernandes de Farias,4
Metrologia na indústria,Francisco Adval de lira,5
Instrumentação industrial,Arivelto Bustamante Fialho,6
Máquinas Elétricas Teorias e Ensaios,Geraldo Carvalho,3
Fundamentos de Caldeira e Tubulação Industrial,Vinicius Rabello de Abreu Lima,6
Redes Industriais para Automação  Industrial ,Alexandre Baratella Lu,6
Automação Eletropneumática ,Nelson gauze,2
Desenho técnico para mecânica,Michele David,4
Gestão ambiental empresarial,José Carlos,5
Gestão de qualidade,Renato Nogueira,6
Meio ambiente guia prático ,Paulo Roberto,1
Darwin aimortais da Ciência ,Marcelo gleiser,1
Diversidade da vida,Edward O. Wilson,1
Alimentos orgânicos,Elaine de azevedo,1
Ensino de ciências: fundamentos e métodos,Demétrio Delizoicov,2
Tabela de composição  química ,Guilherme franco,1
A Célula,Geoffrey M. Cooper,2
Controladores lógicos  programáveis ,Senai ,1
Darcy Ribeiro,Cândido Alberto Gomes,1
Cecília Meireles,Yolanda Lôbo,1
Edgard Roquette-Pinto,Jorge Antônio Rangel (Fidel),1
Manoel Bomfim,Rebeca Gontijo,1
Gustavo Capanema,José Silvério Baía Horta,1
Helena Antipoff,Regina Helena de Freitas Campos,1
Manuel da Nóbrega,João Adolfo Hansen,1
Pascoal Lemme,Zaia Brandão ,1
Paulo freire,Celso de Rui beisiegel,1
Rui Barbosa,Maria Cristina Gomes Machado,1
Sampaio Dória,Marta Maria Chagas de Carvalho,1
Valnir Chagas,Aloylson Gregório  de Toledo Pinto,1
Júlio de Mesquita Filho,José Alfredo Vidigal,1
Almeida Junior,Raquel Gandini,1
Anisio Teixeira,Clarice Nunes,1
Aparecida Joly Gouveia,Menga Ludke,1
Alceu Amoroso Lima,Carlos Roberto Jamil Cury,1
Armanda Álvaro Alberto,Ana Chrystina Venancio Mignot,1
Frota Pessoa ,Sofia Lerche Vieira,1
Azeredo Coutinho,Gilberto Luiz Alves,1
Bertha Lutz,Yolanda Lobo,1
Celso Suckow da Fonseca,Maria Ciavatta,1
Fernando de Azevedo,Maria Luiza Penna,1
Florestan Fernandes,Marcos Marques de Oliveira,1
Durmeval Trigueiro,Maria de Lourdes de Albuquerque,1
Humberto Mauro,Jorge Antonio Rangel ,1
Lourenço Filho,Carlos Monarcha,1
Heitor Villa-Lobos,Marco Antonio Carvalho Santos,1
José Mário Pires Azanha,José Sérgio Fonseca de Carvalho,1
Gilberto Freyre,Mário Hélio Gomes de Lima,1
Émile Durkheim,Jean-Claude Filloux,1
Roger Cousinet,Louis Raillon,1
Lev Semionovich Vygotsky,Ivan Ivic,1
Ivan Ivic,Marcela Gajardo,1
Henri Wallon,Hélène Gratiot-Alfandéry,1
Jan Amos Comênio,Jean Piaget,1
Sigmund Freud,Bernard Jolibert,1
Alfred Binet,René Zazzo,1
José Pedro Varela,Marta Demarchi,1
Jean-Jacques Rousseau,Michel Soëtard,1
Célestin Freinet,Louis Legrand,1
Friedrich Fröbel,Helmut Heiland,1
Jean-Ovide Decrolski,Francine Dubreucq,1
Carl Rogers, Fred Zimring,1
José Martí,Ricardo Nassif,1
Antonio Gramsci,Attilio Monasta,1
Frederic Skinner,Louis M. Smith,1
Domingo Sarmiento,Héctor Félix Bravo,1
Édouard Claparède,Daniel Hameline,1
Ortega y Gasset,Juan Escámez Sánchez,1
Georg Kerschensteiner,Hermann Röhrs,1
Andrés Bello,Gregório Weinberg,1
Friedrich Hegel,Jürgen-Eckardt Pleines,1
John Dewel,Robert B. Westbrook,1
Johann Herbart,Norbert Hilgenheger,1
Johann Pestalozzi,Michel Soëtard,1
Maria Montessori,Hermann Röhrs,1
Índice Geral de Nomes e Assuntos,Cristhiano Aguiar,1
Os Manifestos da Educação,Fernando de Azevedo,1
Comandos Elétricos,Senai,16
Instalações Elétricas,Senai,23
Eletrônica,Malvino Bates,5
Prontuário para Manutenção Mecânica,Valdir aparecido dos santos,2
Comandos elétricos ,G. Nascimento,1
Proteção de Equipamentos Eletrônicos sensíveis ,João Mamede Filho,1
Instalação Elétrica ,Aurélio Gonçalves filho,1
Eletrônica de potência,Devair Aparecido Arrabaça,3
Elementos de Eletrônica Digital,Ivan valeije idoeta,2
Panorama do setor de energia elétrica no Brasil,Renart fot. graf.,1
Os Metais e o Homem,Ivone mussa,1
Construindo a Cidadania no Ceará ,Celina Maria Montenegro castelo,1
Consumo Sustentável,Governo Federal,3
PEACE - Programa de educação Ambiental do Ceará,Governo Federal,8
Eletricidade Básica,Roberta Gonçalves,8
O Missionário  ,Inglês de Sousa,3
Os Sertões ,Eucliedes Da Cunha,1
Meu pai não mora mais aqui ,Caio Riter,1
Whatever ,Leonardo Brasiliense,1
Os espiões ,Luís Fernandes Veríssimo,1
Eu e o silêncio do meu pai ,Caio Riter,1
Um garoto Chamado Roberto ,Gabriel o Pensador,1
Nunca serei um super-heroi ,Antônio Santa Ana,1
A marca de uma lágrima ,Pedro Bandeira,1
O Vencedor ,Frei Betto,1
 Marcia Kupsta ,Evocação,1
Minha mãe não dorme enquanto eu não chegar ( e outras crônicas),Moacyr Scliar,1
Por parte de pai,Bartolomeu Campos Queirós,1
Viagem Virtual ,Vera Carvalho Assumpção,1
Tão longe tão perto ,Silvana de Menezes,1
Sundjata O príncipe leão ,Rogério Andrade Barbosa,1
Chamado Selvagem ,Jacj London,1
 Beijamim o filho da felicidade ,Heloisa Pires Lima,1
O caçador de histórias ( Yaguarê Yamã) ,Yaguarê Yamã,1
Elas por elas ,Rachel de Queiroz,1
"Bartleby, o Escriturário ",Fernando Sabino,1
O menino sem imaginação ,Carlos Eduardo Novais,1
O filho das estrelas ,Wilson Rocha,1
Codinome Duda ,Mercelo Carneiro da Cunha,1
 As Cidades invisíveis ,"Calvino, Italo",1
Sonho de um Verão ,Willian Shekespere,1
 A ladeira da saudade ,Ganymédes José,1
A moeda do Imperador ,João Pontes,1
James e o pêssego gigante ,Roald Dohl,1
 O homem do princípio ao fim ,Millôr Fernandes,1
Matou tio matou um cara ,Jorge Furtado,1
O inventor de jogos ,Pablo de Santis,1
 Sapato de salto ,Lygia Bojunga,1
"Giroflê, Giroflá ",Cecília Meireles,1
Serafim ponte grande ,Oswald de Andrade,1
A conta-gotas ,Ana Carolina Carvalho,1
O jardim Perdido ,Edgard da Rocha Miranda,1
 Custura de nuvens ,Adão Ventura,1
 Chamado Selvagem,Jacj London,1
Beijamim o filho da felicidade ,Heloisa Pires Lima,1
O caçador de histórias ( Yaguarê Yamã) ,Yaguarê Yamã,1
Elas por elas ,Rachel de Queiroz,1
"Bartleby, o Escriturário ",Fernando Sabino,1
 O menino sem imaginação ,Carlos Eduardo Novais,1
O filho das estrelas ,Wilson Rocha,1
Codinome Duda ,Mercelo Carneiro da Cunha,1
As Cidades invisíveis ,"Calvino, Italo",1
Sonho de um Verão ,Willian Shekespere,1
A ladeira da saudade ,Ganymédes José,1
A moeda do Imperador ,João Pontes,1
James e o pêssego gigante ,Roald Dohl,1
 O homem do princípio ao fim ,Millôr Fernandes,1
Matou tio matou um cara ,Jorge Furtado,1
O inventor de jogos ,Pablo de Santis,1
 Sapato de salto ,Lygia Bojunga,1
"Giroflê, Giroflá ",Cecília Meireles,1
Serafim ponte grande ,Oswald de Andrade,1
A conta-gotas ,Ana Carolina Carvalho,1
* O jardim Perdido - Edgard da Rocha Miranda,Edgard da Rocha Miranda,1
Custura de nuvens ,Adão Ventura,1
"Caderno de viagens, fora de casa, fora do ninho ",Guto Lins,1
Os natos em deu a louca no mundo ,Beto Junqueyra,1
"Outroso, um outro mundo  ",Graciela Montes,1
Uma armadilha para ifigênia,Évelyne Brisou-Pellen,1
Quatro histórias de ladrão e outras crônicas ,Paulo Mendes Campos,1
As gêmeas da família ,Stella Maris Rezende,1
 Crisântemo Amarelo ,Sérsi Bardari,1
Delta um comando para o tempo ,Ana Cristina Melo,1
 A caravana de ilusão ,Alcione Araújo,1
 Sombras de Reis barbudos ,José J. Veiga,1
 Entre a boca e a madrugada ,Milton Dias,1
Vila dos confins ,Mário Palmeiro,1
"Nós e os outros, histórias de diferentes culturas ",Gonçalves Dias,1
 A perseguição ,Sidney Sheldon,1
 A colina dos suspiros ,Moarcyr Scliar,1
De mim já nem se lembra ,Luiz Ruffato,1
Melhor teatro ,Domingos Oliveira,1
Os livros que devoram meu pai ,Afonso Cruz,1
A última fábula, Liliana Laganá,1
6 vezes Lucas,Lygia bojunga,1
Órfãos do Eldorado ,Milton Hatoum,1
A palavra é criança ,Machado de Assis,1
Menino passarinho ,Sueli Maria de Regino,1
Éramos seis ,Maria José Dupre,1
O jovem JK ,Roniwalter Jatobá,1
 Destisno em aberto ,Marisa Aljolo,1
O pior é a dúvida ,Roberto Borges,1
Mais que um amigo ,Elizaveth Winfrey,1
Cobra norato ,Raul Bopp,1
o albatroz azul ,João Ubaldo Ribeiro,1
O outro lado do poder ,Hugo Abreu,1
Vila dos confins ,Mário Palmerio,1
"Vida e paixão de pandonar, o cruel ",João Ubaldo Ribeiro,1
A maldição do coronel mágico,Ana Paula Corrodin,1
"Justino, o retirante ",Odette de Barros Mott,1
 Maravilhas das mil e uma noites ,Luiz Antônio Aguiar,1
Chifre em cabeça de cavalo ,Luiz Raul Machado,1
Sangue Fresco  ,João Carlos Marinho,2
 Diário de Biloca ,Edson Gabriel Garcia,1
 O grito da selva ,Jack London,1
Era uma vez um rio ,Martha Azevedo Pannunzio,1
Clássicos jovens três por três,Leo Cunha,1
Argo e seu dono,Italo Svevo,1
Lisbela e o prisioneiro ,Osman Lins,1
A maravilhosa semente de pera & outras fábulas populares de todo o mundo,Israel Jelin,1
 O conto do inverno ,Willian Shakespeare,1
Seleções de livros,Reader's Digest,9
Antropologia poética  ,Manuela Bandeira,148
cordéis ,Paiva do Assaré,2
Vaqueiros e cantadores , Luís da câmara cascudo ,3
violeiros do Norte ,Leonardo mota ,3
cordel ,patativa do Assare,9
cordel ,Zé Vicente ,1
cordel ,Franklin maxado ,1
cordel ,expedito Sebastião da Silva,1
cordel , Klevison Viana ,1
Folclore em cordel ,  Olegario Alfredo ,1
Melhores Contos ,  João Guimarães Rosa ,180
 literatura brasileira a arte da palavra , zuenir ventura ,1
música popular um tema em debate , José Ramos tinhorão ,1
Relembraças , Milton Dias ,1
 venha ver a pôr do sol e outros contos , Lygia Fagundes Telles ,1
Coisas que o tempo levou ,Raimundo de Menezes ,2
 A sexualidade com um tema transversal ,Ana Maria Faccioli de Carmago ,1
 Sexualidade e Adolescente ,Luiz Carlos castello ,1
As crônicas marcianas,Ray Bradbury ,1
 Bem sambado , Carlinhos palhano ,1
 Três histórias fantásticas,Luiz Vilela ,1
Histórias daqui e d' acolá, Maria Valéria Rezende ,1
 Jubiabá, Jorge amado ,1
Terras do sem-fim , Jorge amado,1
Mar morto ,  Jorge amado ,1
Dona flor e seis dois maridos , Jorge amado ,1
farsa de Inês Pereira e Autor da barca do inferno ,Gil Vicente,1
 O gato malhado e a andorinha sinhá Uma história de amor,  Jorge amado ,1
A luneta mágica ,  Joaquim Manuel de Macedo ,1
o menino grapiúna , Jorge amado ,1
 Seara vermelha , Jorge amado ,1
 Capitães , Jorge amado ,4
 A Morte e de quincas Berro d'água , Jorge amado ,2
Jorge amado uma  cortina que se abre ,  Rui Nascimento ,1
A viuvinha ,  José de Alencar ,2
 Cinco minutos,José de Alencar ,1
 Senhora ,José de Alencar ,2
 O guarani ,José de Alencar ,2
O sertanejo ,José de Alencar ,1
: As pupilas do senhor reitor , Júlio Dinis ,1
 O tronco de ipê, José de Alencar ,2
Lucíola,José de Alencar ,1
Cinco minutos Encarnação ,José de Alencar ,3
O sertanejo ,José de Alencar ,3
Ubirajara,José de Alencar ,1
As pupilas do senhor reitor ,  Júlio Dinis,1
 Dona guidinha do poço ,Oliveira Paiva ,2
 O cabeleira , Franklin Távora ,4
 Aves de arrinação ,Antônio Sales ,4
 Melhores poemas ,Paulo leminski ,1
História de Alexandre ,Gracilianos Ramos,1
Angústia ,Graciliano Ramos ,2
linhas tortas ,  Gracilianos Ramos ,1
Infância ,Graciliano Ramos ,1
 Alexandre e outros heróis ,Graciliano Ramos ,1
"  Dôra, Doralina ", Rachel de Queiroz ,1
Memorial de moura , Rachel de Queiroz ,3
"No urubuquaquá, no penhem ",  João Guimarães Rosa ,1
Grande sertão: Veredas , João Guimarães Rosa ,3
Serial e antes ,  João Cabral de Melo Neto ,1
 A educação pela pedra e depois , João Cabral de Melo Neto ,1
 Noites do sertão ,João Guimarães Rosa ,2
 Ave Palavra , João Guimarães Rosa ,1
Estas estórias , João Guimarães Rosa ,
 João Guimarães Rosa , João Guimarães Rosa ,1
Sagarana , João Guimarães Rosa ,1
Manuelzão e miguilim , João Guimarães Rosa ,1
A ilustre casa de Ramires ,Eça de Queirós ,3
Primeiras Estórias , João Guimarães Rosa ,1
O burrinho pedrês , João Guimarães Rosa ,1
O Conde de abranhos , Eça de Queiroz,1
A ilustre casa de Ramires ,Eça de Queiroz ,3
"Eurico, o presbítero ",Alexandre Herculano ,1
Camilo castelo Branco , Amor de perdição ,1
 Biblioteca de ouro da literatura universal O primo Brasílio,Eça de Queiroz,3
Amor de perdição,Castelo Branco,1
 A relíquia ,Eça de Queiroz ,1
O crime do padre amaro , Eça de Queiroz ,1
Demócrito Rocha , Paulo bonavides ,1
 Brasil imperdível ,  Alice Ruiz ,1
O nariz e outras Crônicas , Luís Fernando ,2
 Gol de padre ,Stanislaw ponte preta ,1
Arquitetura , Carlos lemos ,2
: Os papéis de Lucas ,Júlio Emílio Braz ,1
 O pêndulo de relógio é outras histórias de pau-d'Arco ,Charles kiefer ,1
Um olhar além das fronteiras ,  Nilma Lino ,1
 História e desenvolvimento ,  João Alfredo ,1
"História da educação no Ceará sobre promessas, feitos e feitos ", Sofia lerche Vieira ,1
O Pássaro de fogo , Alexandre afanássiev ,1
  A Caravela dos insensatos ,Paulo Novares ,1
Nelson peças psicológicos Rodrigues ,Nelson Rodrigues ,1
teatro completo peças míticas ,Nelson Rodrigues ,1
Maria Adelaide Amaral ,Nelson Rodrigues ,1
Teatro completo de peças míticas ,Nelson Rodrigues ,1
 O grito da Selva ,Jack London ,1
 avô de cães mestiços,"endismar Mendes 
",1
Palavras que valeram a pena ,"  Antero Coelho Neto 
",1
Porteiro de guachos , Jayme Caetano Braun,1
Entendendo e Dominando o Java - 3° Edição,Oziel Moreira Neto,13
Entendendo e Dominando o Java - 2° Edição,Oziel Moreira Neto,8
Segurança em informática e de informações,Caruso & Steffen,6
"PHP, Programando com Orientação a Objetos", Pablo Dall'Oglio,13
Aprenda a criar aplicações para dispositivos móveis com o Android SDK,Ricardo R. Lecheta,12
Lógica de Programação,Gley Fabiano Cardoso Xavier,3
"Apostila, aprenda informática com quem faz a diferença",Web Cyber Informática,1
O que é tecnologia , José Adelino Medeiros e Lucília Atas Medeiros,1
" 300 superdicas de editoração, design e artes gráficas - 5° edição",Ricardo Minoru Horie e Ricardo Pagemaker Pereira,6
Organização de Sistemas - 1° edição,Senac,6
Modelagem de Dados,Senac,3
Estudo Dirigido de AutoCAD 2013,Claudia Campos Lima,4
 Iniciação em Sensoriamento Remoto 2° edição,Teresa Galloti Florenzano,1
Photoshop Básico, gold editora,1
": Lógica e Linguagem de Programação, introdução ao Desenvolvimento de Software", Humberto Martins Beneduzzi e João Ariberto Metz,1
Conversa com educadores,Literatura para Todos,2
 UFC 2007 ANÁLISE E RESUMO,Vânia Vasconcelos,1
 Alongue-se,Bob Anderson,1
 agentes ambientais, Universidade Aberta do Nordeste,1
Direitos Humanos e Geração da Paz,"Universidade Aberta do Nordeste
",1
Perpectivas da Tecnologia da Informação ,Senac,6
Tubarão com a faca nas costas,Cezar Dias,7
 Entre as junturas dos osso, Vera Lúcia de Oliveira,7
Caravela [ redescobrimentos ], Gabriel Bicalho,5
Família composta,Domingos Pellegrini,7
Madalena,Cristiane Dantas,7
"Batata cozida, mingau de cará",Eloí Elisabete Bocheco,6
Cobras em composta,Índigo,7
"Léo, o pardo",Rinaldo Santos Teixeira,8
Abraão e as frutas,Luciana V. P. de Mendonça ,6
Cabelos Molhados ,Luís Pimentel,6
Nova Redação Gramática e Literatura,Vários autores,1
Inglês - Ensino Médio,Vários autores,1
Español ahora,Vários autores,1
Volume único - Espanhol - Novo ensino médio,Vários autores,1
Grand Slam 2,Vários autores,1
Student Book 4,Vários autores,1
Inglês - Endino Médio,Vários autores,1
Granatica y Prática de Espanol,Vários autores,1
Gramática de Espanhol - Passo a passo,Vários autores,1
Coleção Explorando o Ensino - V16,Vários autores,1
O ensino de língua inglesa nos dias atuais,Vários autores,1
Produção Textual no ensino médio (Herman Regis & Graça Medeiros,Vários autores,1
Vocabulário Popular Cearense,Vários autores,1
50 Grandes educadores modernos,Vários autores,1
Explorando o Ensino - Matemática V1,Vários autores,1
Diretrizes para Educação Básica 2005,Vários autores,1
Escreva e Fale corretamente,Vários autores,1
Oficina de leitura,Vários autores,1
A narração,Carlos Alberto C. Minchillo,1
Sintaxe de Colocação,Paulo Bearzoti,1
Formação de Professores - As experiências de iniciação à Docência no IFCE,Vários autores,1
Português agradável e descomplicado,Luiz Antônio Sacconi,1
Testes e Exercícios,Saconni,1
Vocabulário Etimológico de biologia,César da Silva Júnior,1
Aprender Telejornismo,Sebastião,1
Oficina de Leitura,Ângela Kleiman,1
"Nossa Pátria, Nossa Língua",Ministério da Educação,1
Do mundo da leitura para a leitura do mundo,Marisa Lajolo,1
A descrição,Paulo Bearzoti Filho,1
A pontuação,Maria Paula Parisi,1
O nome e seus determinantes,Luiz Antônio da Silva,1
Figuras de Linguagem,Hélio de Seixas,1
O verbo,Carlos Alberto C. Minchillo,1
Para falar e escrever melhor o português, Adriano da Gama Kury,1
O que muda com o novo acordo ortográfico,Evanildo Bechara,1
Gêneros Textuais e Produção Escrita - Teoria e prática nas aulas de espanhol como língua estrangeira,Vários autores,1
A língua do Brasil amanhã é outros,Vários autores,1
Antes do Baile Verde,Lygia Fagundes Telles,1
África Essa Mãe Quase Desconhecida,Eduardo d'Amorim,1
História e Cultura Afro-Brasileira e Indígena V. 1 e 2,André Marcos de Paula e Silva,1
África e Brasil Africano,Marina de Mello e Souza,1
Antologia Poética,Cecília Meireles,1
Antologia Poética,Manuel Bandeira,1
História Geral da África século XVI ao XX,UNESCO,1
História Geral da África Pré-história ao século XVI,UNESCO,1
Liberdade por um fio,João José Reis e Flávio dos Santos Gomes,1
O Brasil Território e sociedade no início do século XXI,Milton Santos e María Laura,1
As Barbas do Imperador,Lilia Moritz Schwarcz,1
Sobrados e Mucambos,Gilberto Freyre,1
África,Nelson Basic,1
As cidades brasileiras no pós-guerra,Ana Cláudia,1
A Guerra de Canudos,Francisco Marins,1
História e Cultura Africana Afro-brasileira,Nei Lopes,1
A Escravidão no Brasil,Julio Quevedo,1
Era Vargas,Wladimir Pomar,1
A Unificação da Europa,Vamireh Chacon,1
Rediscutindo a mestiçagem no Brasil,Kabengele Munanga,1
O mundo hoje,Fábio Amaro,1
Os Grandes líderes do século XX,Judith Rodger,1
"Ordinário, Marche!",José Silvino,1
Quilombos,Laura Olivieri,1
Os bestializados,José Murilo,1
O mundo pós-guerra Fria,Jayme Brenner,1
O desenvolvimento econômico brasileiro, Argemiro J.Brum,1
O fio d'água do quilombo, Heloisa Pires,1
O nordeste e a questão regional,Manuel Correia,1
Navios Negreiros,Castro Alves,1
De olho em Zumbi dos Palmares,Flávio dos Santos,1
O que é sociologia,Carlos Benedito,1
Gentidades,L&PM Pocket,1
Cândido ou otimismo,L&PM Pocket,1
Maquiavel o Príncipe,Escala,1
O contrato social,Jean-Jacques,1
O mundo de Sofia,Jostein Guardar,1
História e Sociologia,Flávio Saliba,1
Antes e depois de Sócrates,Martins Fontes,1
Sociologia crítica,Pedrinho Guareschi,1
História da Filosofia,Giovanni Reale,1
As razões do iluminismo,Sérgio Paulo,1
Lições de sociologia,Theodor W. Adorno,1
Somos diferentes?,James Trefil,1
Fundamentos de sociologia geral,Pedro António,1
Sociologia,Joel M. Charon,1
Expedição Vera Cruz,Ronaldo Luiz,1
D. Pedro II,Paulo Rezzutti,1
D. Pedro,Paulo Rezzutti,1
Coronelismo enxada e voto,Victor Nunes,1
Reminiscências da Campanha do Paraguai,Dionisio Cerqueira,1
Caminhos das civilizações,José Geraldo,1
A história da aviação no Ceará,Augusto Oliveira,1
A multidão e a História, Frederico de Castro,1
A terra e o homem no Nordeste,Manuel Correia,1
Brasil Afro-brasileiro,Maria Nazareth,1
Me leva Brasil,Maurício Kubrusly,1
O desafio de pensar sobre o pensar, Alberto Thomal,1
Terra Grávida , Betty Mindlin,1
Terra de Sol,Gustavo Barroso,1
Maracatus no Ceará,Danielle Maia,1
A contra-revolução na américa-latina, Clóvis Rossi,1
A formação dos Estados Unidos,Nancy Priscilla S. Naro,1
O Brasil e a África,Manuel Correia de Andrade,1
História e Sociologia,Flávio Saliba Cunha,1
A segunda guerra mundial,Antonio Pedro,1
Do feudalismo ao capitalismo: transições,Samuel Sérgio Salinas,1
Reformas religiosas, Flávio Luizetto,1
Cuba Chile Nicaragua,Emir Sader,1
O renascimento,Nicolau Sevcenko,1
O apartheid,Marta Maria Lopes,1
Migrantes,"Dora Martins, Sônia Vanalli",1
A cidade, Ana Fani A. Carlos,1
Revoluções na América Latina, Héctor H. Bruit,1
Os sonhadores de Vila Rica,Edgard Luiz de Barros,1
Formação da África Contemporânea,José Flávio Sombra Saraiva,1
O imperialismo,Héctor H. Bruit,1
A vida nas cidades,Eliseo Savério Spósito,1
A revolução francesa e a modernidade,Berenice Cavalcante,1
Senhores destas terras,Gilberto Azanha Virginia Marcos Valadão,1
Os surgimentos das nações,Leon Pomer,1
As Revoluções burguesas,Paulo Miceli,1
O escravismo antigo,Mário Maestri,1
A América que os europeus encontraram,Enrique Peregalli,1
A descolonização da Ásia e da África,Vários autores,1
Duas viagens ao Brasil,Hans Staden,1
Um reexame Crítico das Concepções Juródicofilosóficas e das Ações Sociais em Bentham,Gastão Rúbio de Sá Weyne,1
História da Filosofia,"Giovanni Reale, Dario Antiseri",1
O futurista e o advinho,Antero Coelho Neto,1
Marcos no século XXI,Francisco Teixeira Celso Frederico,1
A reflexão na escalada dos 80, Paulo Roberto Pinto,1
Vicente Pinzón e a descoberta do Brasil,Rodolfo Espínola,1
Dos ritmos aos caos,"Pierre Bergé, Yves Pompeau, Monique Dubois-Gance",1
Aristóteles,Maria do Carmo B. de Faria,1
Na cor da pele,Júlio Emílio Braz,1
Averróis o Aristotelismo Radical,José Silveira da Costa,1
Ousar a utopia, Jorge Cláudio Ribeiro,1
História da Cidadania,"Jaime Pinsky, Carla Bassanezi Pinsky",1
Minha formação, Joaquim Nabuco,1
Uma mulher vestida de sol ,Ariano Suassuna ,6
O santo e a porca,Ariano Suassuna,1
Vestido de Noiva,Nelson Rodrigues,1
O bem amado ,Dias Gomes,1
O doente Imaginário,Molière,1
Farsa da boa preguiça,Ariano Suassuna,2
O Auto da compadecida,Ariano Suassuna,3
O pagador de promessas,Dias Gomes,1
A hora da estrela,Clarice Lispector,2
Romances e novelas,Joaquim Noberto de Souza Silva,1
"As comédias de Antônio José, o Judeu",Antônio José da Silva,1
Panorama do Teatro Brasileiro,Sábato Magaldi,1
Édipo Rei,Sófocles,1
Pequenos Milagres,Maurício Arruda/Paulo De Moraes,1
Três Peças escolhidas,Eduardo Campos,3
A menina e o vento e outras peças,Maria Clara Machado,1
Teatro para quem nunca fez teatro,Tenê de Casa Branca,1
A dança dos Dragões,George R.R.Martins,1
A tormenta de espadas,George R.R.Martins,1
O festim dos corvos,George R.R.Martins,1
A Guerra dos Tronos,George R.R.Martins,1
Qualquer chão leva ao céu,Cristina da Costa Pereira,1
"Marie Currie, uma vida dedicada à ciência",Eduardo Alonso,1
Vamos comprar um poeta,Afonso Cruz,1
Galeidoscópios de vidas,João Anzanello,1
 Dois Hussardos,Lev Tolstói,1
Travessia,Francisco Gregório da Silva Filho,1
A máscara da morte rubra,Edgar Allan Poe,1
Tempo de Histórias,Daniel Mundukuru,1
13 dos melhores contos de amor da literatura brasileira,Rosa Amanda Strauz (organizadora),1
"A outra face, história de uma garota afegã",Deborah Ellis,1
"Vozes do retrato, contos",Dalton Trevisan,1
Manjaléu e outros contos do folclore mundial,Rosana Lues,1
Nariz de vidro,Mário quintana,1
À sombra do ciúmes,Januária Cristina Alves,1
Vocação de Cantador,Oliveira de Panelas,1
O mínimo imenso,João Anzanello Carrascoza,1
Conversas sobre política,Rubens Alves,1
Estrela de Rabo e mais histórias,Nilma Lacerda,1
A maldição da rainha do rock,Cecilia Meireles,1
O monge que vendeu sua ferrari,Robin S. Sharma,1
A joia,Amy Ewing,1
A rosa branca,Amy Ewing,1
Pegasus e o fogo do olimpo,Kate O'Hearn,1
Ilusões Perdidas,Honoré de Balzac,1
Starters,Lissa Price,1
As sombras do mal,"Guilhermo del Toro, Chuck Hogan",1
12 anos de escuridão,Solomon Northup,1
Sonho de uma noite de verão,William Shakespeare,1
A megera domada,William Shakespeare,1
Nao conte a ninguém, Harlan Coben,1
Asiáticos podres de ricos, Kevin Kwan,1
Brasil Anos 60,José Geraldo Couto,1
"Quilombolas, historias do povo brasileiro","Matheus Henrique de Faria Pereira, Gisella de Amorim Serrano, Amelia Pereira Batista Porto",1
A República do Progesso,Iara Lis Schiavinatto Carvalho de Sousa,1
A maldição da rainha do rock,Mathilda Kóvak,1
Julgo da memória,Laura Bergallo,1
Eu(s),Fernando Pessoa,1
Contos contidos,Maria Lúcia Simões,1
Ilegais,Luiz Antônio Aguiar,1
Caminho para ver estrelas,Lúcia Teixeira,1
O ladrão de sonhos e outras histórias,Ivan Ângelo,1
No Caminho contaremos nossos sonhos,Severino Rodrigues,1
A barca dos Amantes,Antônio Barreto,1
A mulher de pés descalços,Scholastique Mukasona,1
Nove lendas aterrorizantes,Suzana Ventura,1
Reverso, Gláucia de Souza,1
Contos africanos dos países de língua portuguesa,Albertino Bragança,1
A sombra, Edith Nesbit,1
A margem da linha,Paulo Rodrigues,1
O Castelo ao lado ,Edith Lacerda,1
A melancia quadrada , Ruy Castro ,1
Ian não está mais aqui,Luiz Antônio Aguiar ,1
Tudo ao mesmo tempo agora,Ana Maria Machado,1
Robinson Crusoe,Daniel Defoe,1
Cyrano de Bergerac,Edmond Rostand,1
Dia de são nunca à tarde - Roberto Drummond (1), Roberto Drummond,1
,,
O rapaz que não era de Liverpool,                                     Caio Riter,1
O surgimento dos pássaros,Anne Ballister Soares,1
A valentia das personagens secundárias,Stella Maris Rezende,1
A megera domada,William Shakespeare,1
O corredor dos cobogós,Paula Fábrio,1
Mario,Ian Fraser,1
Menino do mato,Manoel de barros,1
Folhas molhadas ,Beto Furquim,1
Rio de sonhos,Maria Valéria Rezende,1
Crônicas do Varão da casa ao lado,Luiz Andrioli,1
A revolução dos bichos,George Orwell,1
Histórias que Jornais não contam,Moacyr Scliar,1
Armadilha,Emanoel Bovino,1
1984,George Orwell,1
Sob o pôr do sol,Bram Stoker,1
Depois daquele domingo ou a história de Tereza e de João,Caio Riter,1
Esse nosso português,João Ubaldo Ribeiro,1
Irmãos para sempre,Chiara Lossani,1
Mundo que Habita em nós , Liliane Prata,1
Que nem Maré,Marcelo Duarte,1
Sonho de uma noite de verão,Walcyr Carrasco,1
A menina de aleppo,Marcelo Carneiro da Cunha ,1
As melhores histórias da mitologia,Carmen Saganfredo,1
Ainda assim te quero bem,Caio Riter,1
A maldição das fadas,Marcos Mota,1
O breve lapso entre o ovo e a galinha,Mariano Sigman,1
A despedida de Fernando Pessoa,Antônio Chibante,1
O Campo de batalha,Aldri Anunciação,1
Bagagem,Adélia Prado,1
Aldeia perdida, Ana Miranda,1
A colina dos suspiros,Moacyr Scliar,1
Autobiografia do poeta escravo,Juan Francisco Manzano,1
O médico e o monstro,Albert Louis Stevenson,1
Moletom,Julio Azevedo,1
Contos Macabros,Edgar Allan,1
O homem que plantava árvores,Jean Giono,1
Três dias e mais alguns,Caio Riter,1
As feras cúmplices,Horacio Quiroga,1
Duas tardes e outros encontros silenciosos,João Anzanello Carrascoza,1
A rua do terror,Júlio Emílio Braz,1
O Grumete e o Tupinambá,Adriano Messias,1
Poeta Popular Paraense,Zé Vicente,1
Papel manteiga para embrulhar segredos,Cris Lisboa,1
O Trono no morro,José J. Veiga,1
Como subir em árvores, Tiago de Melo Andrade,1
O mágico de verdade,Gustavo Bernardo,1
Viva Ludovico,Flávio Sanso,1
Rede de abusos,Tânia Alexandre Martinelli,1
O vale de Solombra, Eustáquio Gomes,1
Perguntas que me fazem sobre o holocausto, Hédi Fried,1
Fantina cenas de escravidão,Duarte Badaró,1
Eles não usam Black-Tie ,Gianfrancesco Guaniere,1
Viagem em volta do meu quarto,Xavier de Maistre,1
Amor e guerra em canudos,Lourenço cazarré,1
Frankestein, Mary Shelley ,1
"Álbum duplo, um rock romance", Paulo Henrique Ferreira,1
Boneca de ossos,Holly Black,1
O apanhador no campo de centeio,j.d. Salinger,1
Muito longe de casa ,Ishmael Beah,1
As amigas que fiz,Andréa Pelagagi,1
O sítio dos bichos,George Orwell,1
Sonho de uma noite de verão,William Shakespeare,1
A filha do escritor, Gustavo Bernardo,1
Contos da infância e da adolescência,Luiz Vilela ,1
Ecos de um mundo não percebido,Claudio Blanc,1
Mauricia,Adriano Messias,1
Passando-se, Nella Narsen,1
Redemoinho em um dia quente, Jarid Arraes,1
Ruína y Leveza,Julia Dantas,1
Antologia poética, Cecília Meirelles,1
Sussuros do país das maravilhas, A.C. Howard,1
O lado mais sombrio,A.C. Howard,1
Rose procura Jack, Mel Darbon,1
Monstro, Walter Dean Myers ,1
Contos Macabros , Lainister de Oliveira Esteves,1
A morena da estação, Ignácio de Loyola Brandão,1
A muralha,Dinah Silveira de Queiroz,1
Sonhos rebobinados,Humberto Werneck,1
Doze contos peregrinos ,Gabriel Garcia  Marques,1
Ciranda de Pedra,Lygia Fagundes Telles,1
História de um primeiro amor,Drummond Amorim,1
"Rotas de fuga, versos para voar",Roseana Muray,1
O livro secreto, Caio de Alexandre,1
Para onde vamos é sempre ontem,Ruy Espinheira Filho ,1
Os 39 degraus,John Buchan,1
Caim ,José Saramago,1
Ensaio sobre a segueira,José Saramago,1
Dez dias no manicômio ,Nellie Bly,1
Romieta e Julieu,Ana Elisa Ribeiro,1
Um outro Brooklyn,Jacqueline Woodson,1
"O novo mercado de trabalho, um guia para iniciantes e sobreviventes",Marco Antônio,1
Cartas a uma negra, Françoise Ega,1
Deslocamentos, Fernando A. Pires,1
De volta à caixas de desejos,Ana Cristina Melo ,1
O melhor de Nelson Rodrigues,Nelson Rodrigues,1
O dia seguinte , Luis Eduardo Matta,1
Eu estava aqui...e você? ,Neir Helis,1
Mare nostrum , Fabio Atui,1
Longe das Aldeias,Robertson Frizero,1
Os caminhos de carla, Neir Helis,1
Tudo que deixamos para trás, Maja Lunde,1
Amora,Natalia Borges Polesso,1
Fogo morto,José Lins do Rego,1
Quinze Dias,Vitor Martins,1
Cafeína, - Maurício Torres,1
Quem me dera ser onda, Manuela Rute,1
Qualquer outro lugar,A. G. Howard,1
"Jorge, um brasileiro", Oswaldo França Junior,1
A tragédia de Romeu e Julieta recontada, Willian Shakespeare,1
Moby dick, Werner Zotz,1
O outro apaixonado por marília de dirceu ,Jair Vitória,1
A Capital Federal, Arthur Azevedo,1
Minhas Histórias dos outros, Zuenir Ventura,1
"Quem, eu?",Jose Paula Paes,1
Eles e eu,Luiz Carlos Maciel,1
Memória e sociedade,Ecléa Bosi,1
Sherlock Holmes - um estudo em vermelho,Árthur Conan Doyle,25
Gente de Hemso ,August Strindberg,1
"Malagueta, perus e bacanaço",João Antônio,1
Pantera no porão,Amon Oz ,1
As conchambranças de Quaderna,Ariano Suassuna,1
Além Ciaran e os guardiões da escuridão, Shirley Souza,1
Os inconfidentes,Carlos Alberto de Carvalho,1
A lenda do violeiro invejoso,Fábio Sombra,1
Contos satíricos do conselheiro XX,Humberto de Campos,2
Incidentes da vida de uma escrava,Harriet Ano Jacobs,1
A mãe de sua mãe e suas filhas,Maria José Silveira,1
Dembrara, Wagner G. ,1
Antologia Poética,Manuel Bandeira,1
Paragens,Roniwalter Jatobá,1
Melhores Contos,João Guimarães Rosa,1
Encontrando a liberdade,Jarvis Jay masters ,1
"Eu, minha irmã e seu universo particular",Eileen Garvin,1
Melhores poemas,Paulo Leminski ,1
No fundo do poço,Buchi Emecheta,1
Floresta é o nome do mundo,Ursula K. Le Giuin,1
Numa pensão Alemã, Katherine Mansfield,1
A misteriosa carta portuguesa,Alexandre le Voci Sayad,1
Orgulho,Ibi Zoboi,1
A roda da vida,Manuel filho,1
Vidas secas,Graciliano Ramos,1
A grande ilusão,Luiz Fernando Emediato,1
Um suplício moderno e outros contos, Monteiro Lobato,1
Itinerário de pesagarda,Manuel Bandeira,1
Os piratas fantasmas,William Hope Hodgson,1
Éramos seis,Maria José dupré,1
Dublineses, James Joyce,1
O retrato de Doryan Gray, Oscar Wilde,1
Contos Russos Juvenis,Daniela Moutian,1
Sermões, Antônio Vieira,1
Julia nos campos conflagrados do Senhor, B. Kucinski,1
O efeito Frankenstein,Elia Barceló,1
Dom Quixote, Walcyr Carrasco,1
Pauliceia desvairada,Mario de Andrade,1
Crescer é perigoso,Márcia Ruptas,1
Os trinta e nove degraus,Johm Buchan,1
A sombra do vento ,Carlos Ruiz Zafón,1
Dinamene,Maicon Tenfen,12
Trilhas de Leo,Ricardo Prada,1
Grande Sertão: Veredas,João Guimarães Rosa,1
O pior dia de todos,Daniela Kopsch,1
A professora e o nobel Gabriel Garcia Marquez,Beatriz Parga ,1
A casa na rua mango,Sandra Cisneros,1
Inversão de desenho,Alberto da Costa e Silva,1
Melhores Contos,Rubem Braga,1
Quase memória,Carlos Heitor Cony,1
Na barriga do lobo,Luis Henrique Pellanda,1
O homem ilustrado, Ray Bradbury,1
Tratado de terra e gente no Brasil,Fernão Cardim,1
Viagens do Vento,Heloísa Prieto,1
Nossa casa está em chamas, Greta,1
O menino de Alepo,Sumia Sukkar,1
O menino que sobreviveu,Rhiannon Navin,1
A cidade das sombras dançantes,Pedro Veludo ,1
Morada das lembranças ,Daniella Bauer,1
Peças de um dominó,Pedro Tavares,1
Eu tudoamo: Antologia de poemas,Mario de Andrade,1
"Nada digo de ti, que em ti não veja ",Eliana Alves Crus,1
Me encrenquei de novo,Melvin Burgess,1
"Eu, robô",Isaac Asimov,1
Os donos do inverno, Altair Martins,1
Dom Casmurro: o filme - a magia do inverno , Toni Brandão ,1
Faces do sertão,Luis Fernando Pereira,2
Cerrado Brasileiro - 2° edição , José Maria V. Franco,1
Mata atlântica e manguezais ,Armênio Uzunian,2
Caatinga ,Jarcilene S. ,3
O cearense, Parsifal Barroso,4
compressores alternativos industriais (Teoria e prática),Napoleão F. Silva,5
Fundamentos de Eletricidade,Cristiano Oliveira Ferreira ,23
Bombas Alternativas Industriais,Napoleão F. Silva,6
"VÁLVULAS - Industriais, Segurança, Controle, Tipos, Seleção, Dimensionamento.", Artur Cardozo Mathias ,4
Automação de Processos Industriais (Volume 1),Ícaro Borges de Macedo ,2
"A Organização, o Planejamento e o Controle da Manutenção ",Gil Branco Filho,5
Conversores e Inversores,Anderson Galdino Leite,21
Planilha Eletrônica, Luciana Schmitz ,24
 Matemática Contexto & Aplicações, Luiz Roberto Dante,7
Contato Biologia ,Marcela Ogo e Leandro Godoy,1
Matemática e suas Tecnologias (Geometria Plana e Espacial),Eduardo Chavante e Diego Prestes,1
 Física 1,Alberto Gaspar ,1
"Territórios, Territorialidades e Fronteiras",Ronaldo Vainfas,1
Diálogos em Ciências Humanas (Construção da cidadania),Cláudio Vicentino,1
Diálogos em Ciências Humanas (Convívio Democrático),Cláudio Vicentino,1
Conceitos Básicos de Logística,Carlos César Ribeiro Santos,1
 Logística do Recebimento,Carlos César Ribeiro Santos,12
Logística de Armazenagem,Carlos César Ribeiro Santos,24
Professores em formação: A escola como lugar de pesquisa (Abrindo Trilhas para os Saberes),Governo do Estado do Ceará,11
 Estações Linguagens ,Editora Ática ,135
 O quinze,Rachel de Queiroz,72
Sherlock Holmes Um estudo em Vermelho ,Sir Arthur Conan Doyle,181
Guia de Estudo Módulo I - Unidade 8 Proformação Programa de formação de professores em Exercício,Mindé Badauy de Menezes,2
"Guia de Estudo Módulo III - unidade 3, unidade 2, unidade 5, Unidade 6 Proformação Programa de Formação de Professores em Exercício",Mindé Badauy de Menezes,1
Anúncio do Ceará ,Fábio Campos,1
Conexões com a História,Alexandre Alves e Letícia Fagundes de Oliveira.,1
Atlas Geográfico Mundial ,Colégio 7 de Setembro ,1
"Gestão, comunicação na Escola",Projeto Gráfico e Diagramação,1
Sociologia em movimento,Afrânio Silva,20
Amor e outros contos,Luiz Vilela ,1
Terra vermelha,Domingos Pellegrini,1
A trégua,Mario Benedetti,1
Quarup, Antonio Callado,2
1984,George Orwell ,2
João ternura,Aníbal Machado,1
O centauro no jardim,Moacyr Scliar,1
Grogue,Toni Brandão,1
Quando me descobri negra,Bianca Santana,1
A Madona de cedro,Antonio Callado,1
Ana e a margem do Rio,Godofredo de Oliveira Neto,1
A estrela sobe,Marques Rebelo,1
Dias & Dias,Ana Miranda,1
O mundo de flora,Angela Gutiérrez,1
O fiel e a pedra,Osman Lins,1
Os branco também sabem dançar,Kalaf Epalanga,1
No meio-fio,Neir Ilelis,1
Oliver Twist,Charles Dickens,1
Outras janelas,Hilnê Costalima,1
A Madona de cedro,Antonio Callado,1
Patrulha de sombra,Walmir Ayala,1
Vila dos confins,Mário Palmério,3
Feliz ano velho,Marcelo Rubens,1
Os verdes abutres da colina,José Alcides pinto,1
No coração das trevas,Joseph Conrad,1
Perto do coração selvagem,Clarice Lispector,1
Fogo morto,José Lins do rego,1
Joias de família,Zulmira Ribeiro,1
Leituras de escritor (comboio de corda),Ana Maria marchado e Luiz Ruffato,2
Budapeste,Chico Buarque,1
Marquesa de Santos,bom texto,1
Cinza do Norte,Milton hatoum,1
Ventos da formatura,Affonso Taboza,1
O jardim do diabo,Veríssimo,1
O Mulo,Darcy Ribeiro,1
Os tambores de são Luiz,Josué montelo,1
 O Alienista ( Literatura em quadrinhos ),Machado de Assis,1
Miss Edith e seu tio ( Literatura em quadrinhos) ,Lima Barreto,1
 Lampião na Cabeça, Luciana Sandroni,1
No tempo dos grandes veleiros,"Ginette Hoffmann, René Ponthus",1
Morte na Mesopotâmia ( Adaptação para quadrinhos ),François Rivière e Chandre,1
 Dom Quixote ( história em quadrinhos ),Miguel de Cervantes,2
 História do Navegador João de Calais e de sua Amada constança,Arievaldo Viana,1
Os três mosqueteiros ( história em quadrinhos ),Alexandre Dumas,1
 Iracema ( história em quadrinhos ),José de Alencar,1
Sangue de Dragão,Flávia Savary,1
 Histórias Extraordinárias,Edgar Allan Poe,1
A história do mundo em Quadrinhos ( HQ ), Larry Gonick,1
"Novos tempos, novas engrenagens ",Debora de Carvalho e Bruno de Souza,1
"Haydn, Mozart e Neukomm na Corte Real do Rio de Janeiro ","José Augusto Bezerra, Ingrid Schwamborn e Maria Elias Soares",3
 Verdi, Peter Southwell-Sander,1
Brahms,Paul Holmes ,1
Liszt,Bryce Morrison,1
 Rossini,Nicholas Till,1
Antologia Poética do Poeta Biu Pereira,Edilson Santana  e Hilma Freire,1
Manual do Defensor do Planeta,João alegria e Rodrigo Medeiros ,1
A turma da cooperação  ( HQ ); Volume lll,Coopergraf ( Programa Cooperjovem ),2
Participação Política: que nóia é esta ?,Rodrigo Amaral,1
Blade : a lâmina do imortal,Hiroaki Samura,1
Jovens Titãs: A Ascensão de Aqualad, DC Comics ,1
Jovens Titãs: Sangue do Arraia,DC Comics ,1
Jovens Titãs: Sangue do Arraia ( parte ll ), DC Comics ,1
 Jovens Titãs: Sangue do Arraia ( parte lll ),DC Comics,1
Jovens Titãs: O Retorno do Kid Flash,DC Comics,1
 Jovens Titãs: O Retorno do Kid Flash ( parte ll ) ,DC Comics,1
Jovens Titãs: Planeta das Capas, DC Comics ,1
Jovens Titãs: Planeta das Capas ( parte ll ) , DC Comics,1
Jovens Titãs: Renascimento ( legião dos pets ),DC Comics,1
Jovens Titãs: A batalha pela mente de Mutano,DC Comics,1
 Batman e os Renegados : Em missão de Resgate, DC Comics,1
Inocência ( história em quadrinhos ), Visconde de Taunay,1
Auto da barca do Inferno ( HQ ) ,Gil Vicente,1
O Quinze ( Raquel de Queiroz ),Shiko,1
Maluquinho por Arte: histórias em que a turma pinta e borda ," Ziraldo Alves, Editora Globo",1
Frangosas Brenhas da Mataréu,Ricardo Azevedo,1
Sonho de uma noite de Verão,Lillo Parra e Wanderson de Souza,1
O Flautista de Hamelin, Robert Browning,1
Euclides da Cunha ( HQ ),Bruno Gaudêncio,1
Histórias para Aprender a Sonhar, Oscar Wilde ,1
História de Biruta,Alberto Martins,1
O casamento entre o céu e a terra , Leonardo Boff ,1
Zé Beleza,Terezinha Éboli,1
"O Peru de Natal ( Mário de Andrade ), HQ",Francisco Vilachã,1
O Gato do Xeique , Malba Tahan ,1
"O Cortiço ( Aluísio Azevedo ), HQ ", Ivan Jaf,1
O pagador de promessas ( HQ ) , Dias Gomes ,1
"Grande Sertão: Veredas ( João de Guimarães Rosa ), HQ ",Guazzelli,1
"Noite na Taverna ( Álvares de Azevedo ), HQ",Marcel Bartholo,1
Mito e Lendas do Brasil : em cordel,Nirueda Longobardi,1
Iluminuras ,Rosana Rios,1
YE ( HQ ) ,Guilherme Petreca,1
A Gigantesca Barca do Mal ( HQ ) ,Stephen Collins,1
O tecido dos contos maravilhosos , Tanya Robyn Batt,1
Histórias Tecidas em Seda ,Lúcia Hiratsuka,1
Angola Janga ( HQ ) , Marcelo D'salete,1
Urbano Imaginário ,Ricardo Soares,1
Visão ( HQ ),Marvel Comics,1
1808, Laurentino Gomes,1
A bola que Rola ,Ronald Claver,1
O Contestado , Eduardo José Afonso,1
A volta do Fradim ,Henfil,1
Você é o que você faz ,Senac Nacional,1
Outro, Augusto dos Campos,1
Pelos Olhos de minha Mãe , Laura Huzak e Lolanda Huzak,1
Vai DJ !: o intrigante caso dos discos perdidos ,João Rocha Rodrigues,1
Não Poemas,Augusto de campos,1
Moby Dick ( HQ ),Herman Melville,1
Como seria sua vida na Roma antiga ? ,David Salariya,2
Os Cheneses, Lai Po Kan,1
Miss Davis ( HQ ), Djamila Robeiro,1
Da Terra a lua (HQ) , Estevão Ribeiro,1
O Príncipe e o Mendigo  ( Mark Twain ), Silvana Salerno,1
Barões e Escravos do Café ,Sonia Sant'Anna,1
A excelência na visão do Arqueiro,Sérgio Hage,1
Aya de Yopougon ( HQ ),Marguerite Abouet,1
Marry Shelley: O Mistério da Imortalidade ,Elena Guiochins,1
Viagem ao Maranhão Fabuloso ,Maria de Nazaré de Rocha Penna,1
Arte Africana , Hildegard Feist,1
"Cândido, ou Otimismo ( Voltaire ), HQ", André Diniz,1
A morte de Ivan Ilitch, Lev Tolstói,1
Camões,Amélia Lacombe,1
A guerra de Canudos ,Francisco Marins,1
Frankenstein ( HQ),Mary Shelley,2
"Os miseráveis ( Victor Hugo ), HQ ", Daniel Bardet,1
Reflexões Refletidas , Neir Ilelis,1
Pena de Ganso,Pena de Ganso - Nilma Lacerda,1
Canudos : Fanatismo ou luta pela terra ? ,Renato Mocelin,1
A Metamorfose de Kafka,Francisco Vilachã,1
Histórias de Humor,Sâmia Rios ( Editora Scipione ),1
Eu sou Malala, Christina Lamb,1
Curso de Redação ,Prof. Diego Pereira,40+
Fernando Pessoa ( HQ ) ,Guazzelli,1
Primas em Cordel ,Stélio Torquato,1
A Moreninha ( HQ ),Joaquim Manuel,1
Forrobodó no Forró,Elias José,1
A divina Comédia ( HQ ) ,Pierro e Giuseppe Bagnariol,1
Sete Camundongos Cegos , Ed Young,1
Pescador de Ilusões ( HQ ),Wesley Rodrigues,1
Eu e outros pioneiros da Aviação ,Gustavo Piqueira,1
Antologia de Histórias, Maria Clara Machado,1
O Gnomo,Gustavo Adolfo Bécquer,1
O matador,Wander Piroli,1
O Sonhador (HQ) , Will Eisner,1
A Terceira margem do Rio (HQ)  ,Maria Helena Rouanet,1
Cervantes em Cordel ( Miguel de Cervantes) ,Stélio Torquato e Arievaldo Viana,1
Dirceu e Marília , Nelson Cruz,1
Robinson Crusoé (HQ), Daniel Defoe,1
"O Guarani, José de Alencar (HQ) ", Walter Vetillo,1
Três anjos mulatos do Brasil ,Rui de Oliveira,1
Os Três herdeiros do Lobo ,Nelson Cruz,1
Lampião (HQ), Klévisson,1
Aprendendo a Cair (HQ) ,Mikael Ross,1
"Os Sertões, a Luta : Euclides da Cunha (HQ)",Carlos Ferreira e Rodrigo Rosa,1
Macbeth (HQ),Marcela Godoy e Rafael Vasconcellos,1
Os Farofeiros: monteiro Lobato ( HQ ),Laudo Ferreira,1
Civilização : Eça de Queiroz (HQ) ,Francisco Vilachã,1
As aventuras de Dom Quixote : em versos de cordel ,Klévisson Viana,1
O baile da despedida,Josué Montello,1
O amanuense Belmiro, Cyro dos Anjos,1
Agosto,Rubem Fonseca,1
Se o passado não tivesse asas, Pepetela,1
O coronel e o lobisomem,José Cândido,1
Pedra Bonita,José Lins do Rêgo,1
As aventuras El Cid Campeador, Per Abbat,1
Brida,Paulo Coelho,1
Os sofrimentos do jovem Werther,J.W. Goethe,1
Enquanto os dentes, Carlos Eduardo,3
Cartas ao cão,Tatiana Busto Garcia,1
O túnel,Ernesto sabato,1
A carne,Júlio Ribeiro,1
Terra papagalli,torero & pimenta,1
A última carta de amor,jojo Moyes,1
Cabo de guerra,Ivone Benedetti,1
A vendedora de fósforo,Adriana Lunardi,1
Um doce aroma de morte,Guillermo Arriaga,1
A bruxa não vai parar na fogueira neste livro,Amanda lovelace,1
Em cima do viaduto,Cleto de Castro,1
Querida,Lygia bojunga,1
A cama,Lygia bojunga,1
O longo adeus,Raymond Chandler,1
Dois irmãos,Milton Hatoum,1
Um instante no Éden,Marcus Paulo,1
O silêncio da chuva,luiz Alfredo Garcia,1
O nome da Rosa,Umberto eco,1
Chapadão do Bugre,Mário Palmério,1
Sargento Getúlio,João Ubaldo Ribeiro,1
Era no tempo do rei,Ruy Castro,1
Quase memória,Carlos Heitor Cony,1
Crônicas para ler na escola,Carlos Heitor Cony,1
A festa, Ivan Angelo,1
O Planalto e a estepe,Pepetela,1
O caçador de pipas,Khaled hosseini,1
A elegância do ouriço,Muriel Barbery,1
O menino no espelho,Fernando Sabino,1
As meninas,Lygia Fagundes Telles,1
Mar de histórias: o Realismo,Aurélio Buarque de Holanda Ferreira e Paulo Rónai,1
Pedrinho,José Lins do Rego,1
Nove noites,Bernardo Carvalho,1
Três cavalos, Erri de Luca,1
O fóssil, Michel Régnier,1
96 dias embaixo da cama,José Luís Peixoto,1
Lavoura arcaica,Raduan Nassar,1
Cangaceiros,José Lins do Rego,1
"Nove, noventa",Osman Lins,1
Macunaíma,Mário Andrade,1
Lord Jim,Joseph Conrad,1
"Amar, verbo intransitivo",Mário Andrade,1
Mãos de cavalo,Daniel Galera,1
O forte, Adonias Filho,1
Kindred,Octavia E. Butler,1
O filho eterno,Cristóvão tezza,1
O encontro marcado,Fernando Sabino,1
A arca dos marechais,Marcos Rey,1
As parceiras,Lya Luft,1
No presente,Márcio El-jaick,1
Livre para voar,Wilson frungilo Jr.,1
A cidade e as sereias,Eça de Queirós,1
A caixa da paixão,Nélida Piñon,1
Quase memória,Carlos Heitor Cony,1
Dias e dias,Ana Miranda,1
Vozes do deserto,Nélida Piñon,1
A dama do velho Chico,Carlos Barbosa,1
Contos reunidos,Moacyr Scliar,1
Melhores Contos, Rubem Braga,1
Melhores Contos,João Alphonsus,1
Melhores Contos,Domingos Pellegrini,1
Melhores Contos,Orígenes Lessa,1
Melhores Contos,Marcos Rey,1
Melhores Contos,Ignácio de Loyola Brandão,1
Gestão de pessoas,Érico  da Silva Costa ,84
Fundamentos de Resistência à Corrosão,Laerce de Paula Nunes ,5
Automação Hidráulica,Eng. Arivelto Bustamante Fialho ,6
Automação Pneumática,Eng. Arivelto Bustamante Fialho,5
Empreendedorismo ,Fernando Álvaro Ostuni Gauthier,3